{"designerVersion":"1.3.18","favorite":false,"id":"60cd7bfb-2573-46a9-9773-766fc8961966","name":"testWidgetShowHide","type":"page","lastUpdate":1476086007410,"rows":[[{"type":"component","dimension":{"xs":12},"propertyValues":{"cssClasses":{"type":"constant","value":""},"hidden":{"type":"constant","value":false},"text":{"type":"interpolation","value":""},"alignment":{"type":"constant","value":"left"}},"reference":"14c2068e-7feb-4681-985d-3bf28c096d4d","id":"pbText"}],[{"type":"container","dimension":{"xs":12},"propertyValues":{"cssClasses":{"type":"constant","value":"fieldset"},"hidden":{"type":"constant","value":false},"repeatedCollection":{"type":"variable"}},"reference":"c1beb60e-4719-4b08-883a-79525610326e","rows":[[{"type":"component","dimension":{"xs":10},"propertyValues":{"cssClasses":{"type":"constant","value":""},"hidden":{"type":"constant","value":false},"text":{"type":"interpolation","value":"First block"},"level":{"type":"constant","value":"Level 3"},"alignment":{"type":"constant","value":"left"}},"reference":"e788999c-ce34-4f5f-a181-e9f53b6c4052","id":"pbTitle"},{"type":"component","dimension":{"xs":2},"propertyValues":{"cssClasses":{"type":"constant","value":""},"hidden":{"type":"constant","value":false},"selector":{"type":"interpolation","value":".firstBlock"},"alignement":{"type":"constant","value":"right"},"alignment":{"type":"constant","value":"right"},"elementSelector":{"type":"interpolation","value":".firstBlock"},"lookAndFeel":{"type":"constant","value":"image"}},"reference":"fba7e34a-907b-418a-8686-2cc843aee7bb","id":"customWidgetShowHide"}],[{"type":"container","dimension":{"xs":12},"propertyValues":{"cssClasses":{"type":"constant","value":"firstBlock"},"hidden":{"type":"constant","value":false},"repeatedCollection":{"type":"variable"}},"reference":"27f0bb36-2309-4257-b20b-1e986b88cb20","rows":[[{"type":"component","dimension":{"xs":12},"propertyValues":{"cssClasses":{"type":"constant","value":""},"hidden":{"type":"constant","value":false},"readOnly":{"type":"constant","value":false},"required":{"type":"constant","value":false},"minLength":{"type":"constant","value":""},"maxLength":{"type":"constant","value":""},"labelHidden":{"type":"constant","value":false},"label":{"type":"interpolation","value":"Default label"},"labelPosition":{"type":"constant","value":"top"},"labelWidth":{"type":"constant","value":4},"value":{"type":"variable"}},"reference":"b5c86ef7-ca94-45c3-9c14-e04dc0676a7c","id":"pbTextarea"}]]}]]}],[{"type":"container","dimension":{"xs":12},"propertyValues":{"cssClasses":{"type":"constant","value":"fieldset"},"hidden":{"type":"constant","value":false},"repeatedCollection":{"type":"variable"}},"reference":"3a7446f1-eceb-42d0-ae9e-8a1320224147","rows":[[{"type":"component","dimension":{"xs":10},"propertyValues":{"cssClasses":{"type":"constant","value":""},"hidden":{"type":"constant","value":false},"text":{"type":"interpolation","value":"Second block"},"level":{"type":"constant","value":"Level 3"},"alignment":{"type":"constant","value":"left"}},"reference":"6fcb9cf6-2466-4faf-91e0-a01109e8d82d","id":"pbTitle"},{"type":"component","dimension":{"xs":2},"propertyValues":{"cssClasses":{"type":"constant","value":""},"hidden":{"type":"constant","value":false},"alignment":{"type":"constant","value":"right"},"elementSelector":{"type":"interpolation","value":".secondBlock"},"lookAndFeel":{"type":"constant","value":"button"},"buttonStyle":{"type":"constant","value":"default"}},"reference":"0d988124-d677-4722-bdce-5f57b36b7d24","id":"customWidgetShowHide"}],[{"type":"container","dimension":{"xs":12},"propertyValues":{"cssClasses":{"type":"constant","value":"secondBlock"},"hidden":{"type":"constant","value":false},"repeatedCollection":{"type":"variable"}},"reference":"e16e902e-1b49-4b7c-ab4d-f554c59b1a6e","rows":[[{"type":"component","dimension":{"xs":12},"propertyValues":{"cssClasses":{"type":"constant","value":""},"hidden":{"type":"constant","value":false},"readOnly":{"type":"constant","value":false},"required":{"type":"constant","value":false},"minLength":{"type":"constant","value":""},"maxLength":{"type":"constant","value":""},"labelHidden":{"type":"constant","value":false},"label":{"type":"interpolation","value":"Default label"},"labelPosition":{"type":"constant","value":"top"},"labelWidth":{"type":"constant","value":4},"value":{"type":"variable"}},"reference":"527b02df-4ad6-4276-83bf-9a91c4d04385","id":"pbTextarea"}]]}]]}],[{"type":"container","dimension":{"xs":12},"propertyValues":{"cssClasses":{"type":"constant","value":"fieldset"},"hidden":{"type":"constant","value":false},"repeatedCollection":{"type":"variable"}},"reference":"28f8043a-ce95-48b6-b27c-22227ac66b3a","rows":[[{"type":"component","dimension":{"xs":10},"propertyValues":{"cssClasses":{"type":"constant","value":""},"hidden":{"type":"constant","value":false},"text":{"type":"interpolation","value":"Third block"},"level":{"type":"constant","value":"Level 3"},"alignment":{"type":"constant","value":"left"}},"reference":"8a43a862-779b-4de2-8a35-1a0ac02af7a1","id":"pbTitle"},{"type":"component","dimension":{"xs":2},"propertyValues":{"cssClasses":{"type":"constant","value":""},"hidden":{"type":"constant","value":false},"alignment":{"type":"constant","value":"right"},"elementSelector":{"type":"interpolation","value":".thirdBlock"},"lookAndFeel":{"type":"constant","value":"button"},"buttonStyle":{"type":"constant","value":"link"}},"reference":"97781704-1752-4e5c-8649-a123c2bfcae7","id":"customWidgetShowHide"}],[{"type":"container","dimension":{"xs":12},"propertyValues":{"cssClasses":{"type":"constant","value":"thirdBlock"},"hidden":{"type":"constant","value":false},"repeatedCollection":{"type":"variable"}},"reference":"c41e9311-b711-4a7e-90a3-9dcd26e151b1","rows":[[{"type":"component","dimension":{"xs":12},"propertyValues":{"cssClasses":{"type":"constant","value":""},"hidden":{"type":"constant","value":false},"readOnly":{"type":"constant","value":false},"required":{"type":"constant","value":false},"minLength":{"type":"constant","value":""},"maxLength":{"type":"constant","value":""},"labelHidden":{"type":"constant","value":false},"label":{"type":"interpolation","value":"Default label"},"labelPosition":{"type":"constant","value":"top"},"labelWidth":{"type":"constant","value":4},"value":{"type":"variable"}},"reference":"afd657d6-fcf6-4c8a-aa14-6ce09937b1e0","id":"pbTextarea"}]]}]]}]],"assets":[{"id":"99684392-38c3-445d-b175-a64d632e1dcd","name":"custom.css","type":"css","order":1,"active":true,"external":false}],"inactiveAssets":[],"data":{}}