{"designerVersion":"1.2.13","favorite":false,"id":"customWidgetTextArea","name":"widgetTextArea","lastUpdate":1475841113267,"template":"<div ng-class=\"{ 'form-horizontal': properties.labelPosition === 'left' && !properties.labelHidden, 'row': properties.labelPosition === 'top' && !properties.labelHidden || properties.labelHidden }\">\r\n   <div class=\"form-group\">\r\n      <label \r\n        ng-if=\"!properties.labelHidden\" \r\n        ng-class=\"{ 'control-label--required': properties.required }\" \r\n        class=\"control-label col-xs-{{ !properties.labelHidden && properties.labelPosition === 'left' ? properties.labelWidth : 12 }}\">\r\n          \r\n            {{ properties.label | uiTranslate }}\r\n            \r\n             <a href=\"#0\"\r\n                data-toggle=\"tooltip\" \r\n                tooltip-placement=\"{{ properties.tooltipDirection }}\"\r\n                tooltip=\"{{ properties.tooltipMessage }}\"\r\n                tooltip-class=\"{{ properties.tooltipClass }}\"\r\n                ng-class=\"btn\"\r\n                style=\"float:right; text-decoration: none;\"\r\n                ng-if=\"properties.displayTooltip\"\r\n            >\r\n              <i class=\"glyphicon glyphicon-{{ properties.tooltipIcon }}\"></i>\r\n            </a>  \r\n      </label>    \r\n       \r\n      <div class=\"col-xs-{{ 12 - (!properties.labelHidden && properties.labelPosition === 'left' ? properties.labelWidth : 0) }}\">\r\n         <textarea \r\n            class=\"form-control\" \r\n            name=\"{{ctrl.name}}\"\r\n            ng-model=\"properties.value\"\r\n            ng-required=\"properties.required\"\r\n            ng-minlength=\"properties.minLength\"\r\n            ng-maxlength=\"properties.maxLength\"\r\n            ng-readonly=\"properties.readOnly\"\r\n            ng-attr-placeholder=\"{{ properties.placeholder }}\"\r\n            ng-style=\"{{ properties.customStyle }}\"\r\n            ></textarea>\r\n         <div ng-messages=\"$form[ctrl.name].$dirty && $form[ctrl.name].$error\" ng-messages-include=\"forms-generic-errors.html\" role=\"alert\"></div>\r\n      </div>\r\n   </div>\r\n</div>","controller":"/**\n * The controller is a JavaScript function that augments the AngularJS scope and exposes functions that can be used in the custom widget template\n * \n * Custom widget properties defined on the right can be used as variables in a controller with $scope.properties\n * To use AngularJS standard services, you must declare them in the main function arguments.\n * \n * You can leave the controller empty if you do not need it.\n */\nfunction ($scope, $log, widgetNameFactory) {\n\n    'use strict';\n    this.name = widgetNameFactory.getName('customWidgetTextArea');\n    \n   \n    if (!$scope.properties.isBound('value')) {\n        $log.error('the pbTextArea property named \"value\" need to be bound to a variable');\n    }\n\n}","custom":true,"properties":[{"label":"Read-only","name":"readOnly","type":"boolean","defaultValue":false,"bond":"expression"},{"label":"Required","name":"required","help":"In the context of a form container, use $form.$invalid as a Boolean to check form validity in a widget property","type":"boolean","defaultValue":false,"bond":"expression"},{"label":"Value min length","name":"minLength","help":"In the context of a form container, use $form.$invalid as a Boolean to check form validity in a widget property","type":"integer","defaultValue":"","bond":"expression"},{"label":"Value max length","name":"maxLength","help":"In the context of a form container, use $form.$invalid as a Boolean to check form validity in a widget property","type":"integer","defaultValue":"","bond":"expression"},{"label":"Label hidden","name":"labelHidden","type":"boolean","defaultValue":false,"bond":"constant"},{"label":"Label","name":"label","showFor":"properties.labelHidden.value === false","type":"text","defaultValue":"Default label","bond":"interpolation"},{"label":"Label position","name":"labelPosition","showFor":"properties.labelHidden.value === false","type":"choice","defaultValue":"top","choiceValues":["left","top"],"bond":"constant"},{"label":"Label width","name":"labelWidth","showFor":"properties.labelHidden.value === false","type":"integer","defaultValue":4,"bond":"constant","constraints":{"min":"1","max":"12"}},{"label":"Value","name":"value","caption":"Any variable: <i>myData</i> or <i>myData.attribute</i>","help":"Read-write binding, initialized or updated by users' input (bi-directional bond)","type":"text","bond":"variable"},{"label":"Placeholder","name":"placeholder","type":"text","bond":"interpolation"},{"label":"Customize style","name":"customStyle","type":"text","defaultValue":"{ }","bond":"interpolation"},{"label":"Display tooltip","name":"displayTooltip","type":"boolean","defaultValue":true,"bond":"constant"},{"label":"Tooltip message","name":"tooltipMessage","showFor":"properties.displayTooltip.value","type":"text","defaultValue":"My tooltip","bond":"interpolation"},{"label":"Tooltip position","name":"tooltipDirection","showFor":"properties.displayTooltip.value","type":"choice","defaultValue":"left","choiceValues":["top","left","right","bottom"],"bond":"constant"},{"label":"Tooltip icon","name":"tooltipIcon","showFor":"properties.displayTooltip.value","type":"text","defaultValue":"info-sign","bond":"interpolation"},{"label":"Tooltip CSS class","name":"tooltipClass","showFor":"properties.displayTooltip.value","type":"text","bond":"interpolation"}],"assets":[],"requiredModules":["ui.bootstrap"]}