{"designerVersion":"1.3.18","favorite":false,"id":"customWidgetLink","name":"widgetLink","lastUpdate":1476093412650,"template":"<div class=\"text-{{ properties.alignment }}\">\n    <a \n        ng-class=\"properties.buttonStyle !== 'none' ? 'btn btn-' + properties.buttonStyle : ''\" \n        ng-href=\"{{ properties.targetUrl }}\" \n        target=\"{{ properties.target }}\" \n        ng-style=\"{{ properties.customStyle }}\"\n        >\n        <i class=\"glyphicon glyphicon-{{ properties.iconClass }}\" ng-if=\"properties.displayIcon\"></i> {{ properties.text | uiTranslate }}\n    </a>\n</div>","controller":"","custom":true,"properties":[{"label":"Text","name":"text","type":"text","defaultValue":"Link","bond":"interpolation"},{"label":"URL","name":"targetUrl","type":"text","defaultValue":"http://","bond":"expression"},{"label":"Frame","name":"target","help":"Specifies where to open the linked document","type":"choice","defaultValue":"_self","choiceValues":[{"value":"_self","label":"Current frame (_self)"},{"value":"_parent","label":"Parent frame (_parent)"},{"value":"_top","label":"Top frame (_top)"},{"value":"_blank","label":"New window (_blank)"}],"bond":"constant"},{"label":"Alignment","name":"alignment","type":"choice","defaultValue":"left","choiceValues":["left","center","right"],"bond":"constant"},{"label":"Style","name":"buttonStyle","type":"choice","defaultValue":"link","choiceValues":["link","default","primary","success","info","warning","danger"],"bond":"constant"},{"label":"Display Icon","name":"displayIcon","type":"boolean","defaultValue":false,"bond":"constant"},{"label":"Icon class","name":"iconClass","type":"text","defaultValue":"ok","bond":"interpolation"},{"label":"Customize style","name":"customStyle","type":"text","defaultValue":"{ }","bond":"interpolation"}],"assets":[],"type":"widget"}