{"designerVersion":"1.3.18","favorite":false,"id":"customWidgetShowHide","name":"widgetShowHide","lastUpdate":1476085662253,"template":"<div class=\"text-{{ properties.alignment }}\">\n    \n    <!-- look and feel = image -->\n    <span \n        style=\"display: inline-block; padding: 0px;\"  \n        class=\"btn\" \n        ng-click=\"toggle()\" \n        ng-hide=\"'image'!==properties.lookAndFeel\" \n    >\n        <img src=\"widgets/customWidgetShowHide/assets/img/widgetShowHide_icon_plus.png\" ng-hide=\"isExpand\" class=\"ng-hide\"  />\n        <img src=\"widgets/customWidgetShowHide/assets/img/widgetShowHide_icon_minus.png\" ng-hide=\"!isExpand\" class=\"ng-hide\"  />\n    </span>\n    \n     <!-- look and feel = button -->\n    <button \n        ng-click=\"toggle()\"\n        class=\"btn btn-{{ properties.buttonStyle }}\" \n        ng-hide=\"'button'!==properties.lookAndFeel\"\n    >\n        <i class=\"glyphicon glyphicon-plus\" ng-hide=\"isExpand\"></i>\n        <i class=\"glyphicon glyphicon-minus\" ng-hide=\"!isExpand\"></i>\n    </button>\n</div>\n","controller":"/**\n * The controller is a JavaScript function that augments the AngularJS scope and exposes functions that can be used in the custom widget template\n * \n * Custom widget properties defined on the right can be used as variables in a controller with $scope.properties\n * To use AngularJS standard services, you must declare them in the main function arguments.\n * \n * You can leave the controller empty if you do not need it.\n */\nfunction ($scope) {\n    $scope.isExpand = true;\n    \n    // The DOM element to hide\n    var $elem = null; \n    \n    \n    $scope.toggle = function() {\n        var $elem = jQuery($scope.properties.elementSelector);\n        $elem.slideToggle(\"slow\");\n        $scope.isExpand = $scope.isExpand === false ? true: false;\n    };\n}","description":"Show/Hide a DOM element","custom":true,"properties":[{"label":"Alignment","name":"alignment","type":"choice","defaultValue":"left","choiceValues":["left","center","right"],"bond":"constant"},{"label":"Element selector","name":"elementSelector","type":"text","bond":"interpolation"},{"label":"Look And Feel","name":"lookAndFeel","type":"choice","defaultValue":"image","choiceValues":["image","button"],"bond":"constant"},{"label":"Style","name":"buttonStyle","showFor":"'button'===properties.lookAndFeel.value","type":"choice","defaultValue":"default","choiceValues":["default","primary","success","info","warning","danger","link"],"bond":"constant"}],"assets":[{"id":"fda012ab-3d4e-4947-a5b7-7e6f8c5a5af9","name":"widgetShowHide_icon_minus.png","type":"img","order":3,"active":true,"external":false},{"id":"5a44ac76-acaa-41d9-b78b-92bffc14e75c","name":"widgetShowHide_icon_plus.png","type":"img","order":2,"active":true,"external":false},{"id":"6a6368d2-5456-4bc3-9ffc-52f88b7f1276","name":"jquery-2.2.4.min.js","type":"js","order":1,"active":true,"external":false}],"type":"widget"}