{"designerVersion":"1.2.13","favorite":false,"id":"c771b5eb-2e1d-4014-834d-8f5d5ae9007d","name":"testWidgetButton","type":"page","lastUpdate":1475657091766,"rows":[[{"type":"container","dimension":{"xs":2},"propertyValues":{"cssClasses":{"type":"constant","value":""},"hidden":{"type":"constant","value":false},"repeatedCollection":{"type":"variable"}},"reference":"962ddd7e-2a7a-415f-8d77-8f6ed28aa7bb","rows":[[]]},{"type":"container","dimension":{"xs":8},"propertyValues":{"cssClasses":{"type":"constant","value":""},"hidden":{"type":"constant","value":false},"repeatedCollection":{"type":"variable"}},"reference":"dcb44ed6-3eb8-4d5b-b8da-58e6af4d6e1b","rows":[[{"type":"component","dimension":{"xs":12},"propertyValues":{"cssClasses":{"type":"constant","value":""},"hidden":{"type":"constant","value":false},"text":{"type":"interpolation","value":"Test custom button"},"level":{"type":"constant","value":"Level 3"},"alignment":{"type":"constant","value":"center"}},"reference":"5f1616cd-27a6-42a2-9c45-4ebd1a1eb578","id":"pbTitle"}],[{"type":"container","dimension":{"xs":12},"propertyValues":{"cssClasses":{"type":"constant","value":"fieldset"},"hidden":{"type":"constant","value":false},"repeatedCollection":{"type":"variable"}},"reference":"c884a593-5ebc-41f0-a44e-19e15e4a6f76","rows":[[{"type":"component","dimension":{"xs":5},"propertyValues":{"cssClasses":{"type":"constant","value":""},"hidden":{"type":"constant","value":false},"required":{"type":"constant","value":false},"minLength":{"type":"constant","value":""},"maxLength":{"type":"constant","value":""},"readOnly":{"type":"constant","value":false},"labelHidden":{"type":"constant","value":false},"label":{"type":"interpolation","value":"Code"},"labelPosition":{"type":"constant","value":"top"},"labelWidth":{"type":"constant","value":4},"placeholder":{"type":"interpolation","value":"New code"},"value":{"type":"variable","value":"newCode"},"type":{"type":"constant","value":"number"},"min":{"type":"constant"},"max":{"type":"constant"}},"reference":"cf60a967-6e8e-4ba9-a935-eed6e0ab12e7","id":"pbInput"},{"type":"component","dimension":{"xs":5},"propertyValues":{"cssClasses":{"type":"constant","value":""},"hidden":{"type":"constant","value":false},"required":{"type":"constant","value":false},"minLength":{"type":"constant","value":""},"maxLength":{"type":"constant","value":""},"readOnly":{"type":"constant","value":false},"labelHidden":{"type":"constant","value":false},"label":{"type":"interpolation","value":"Label"},"labelPosition":{"type":"constant","value":"top"},"labelWidth":{"type":"constant","value":4},"placeholder":{"type":"interpolation","value":"New label"},"value":{"type":"variable","value":"newLabel"},"type":{"type":"constant","value":"text"},"min":{"type":"constant"},"max":{"type":"constant"}},"reference":"ccdb524a-27bc-4df5-afe5-c588b1b9ba33","id":"pbInput"},{"type":"component","dimension":{"xs":2},"propertyValues":{"cssClasses":{"type":"constant","value":""},"hidden":{"type":"constant","value":false},"disabled":{"type":"expression","value":"!(newCode && newLabel)"},"label":{"type":"interpolation","value":"Add"},"alignment":{"type":"constant","value":"left"},"buttonStyle":{"type":"constant","value":"success"},"action":{"type":"constant","value":"Add to collection"},"url":{"type":"interpolation"},"dataToSend":{"type":"constant"},"dataFromSuccess":{"type":"variable"},"dataFromError":{"type":"variable"},"targetUrlOnSuccess":{"type":"interpolation"},"collectionToModify":{"type":"variable","value":"myCollection"},"collectionPosition":{"type":"constant","value":"Last"},"valueToAdd":{"type":"expression","value":"{ \"code\" : newCode ,\"label\" : newLabel }"},"removeItem":{"type":"variable"},"displayIcon":{"type":"constant","value":true},"buttonIcon":{"type":"interpolation","value":"plus"},"displayConfirm":{"type":"constant","value":false},"confirmMessage":{"type":"interpolation","value":"Are you sure ?"},"fullWidth":{"type":"constant","value":true},"minWidth":{"type":"interpolation","value":"{ min-width : 180px }"},"customStyle":{"type":"interpolation","value":"{ \"min-width\":\"85px\", \"max-width\":\"100px\", \"margin-top\":\"20px\" }"}},"reference":"40b3337e-dc17-4814-ad87-edf328885def","id":"customWidgetButton"}],[{"type":"container","dimension":{"xs":12},"propertyValues":{"cssClasses":{"type":"constant","value":""},"hidden":{"type":"constant","value":false},"repeatedCollection":{"type":"variable","value":"myCollection"}},"reference":"454c3951-48d9-47e4-b326-8fce127b526a","rows":[[{"type":"component","dimension":{"xs":5},"propertyValues":{"cssClasses":{"type":"constant","value":""},"hidden":{"type":"constant","value":false},"required":{"type":"constant","value":false},"minLength":{"type":"constant","value":""},"maxLength":{"type":"constant","value":""},"readOnly":{"type":"constant","value":true},"labelHidden":{"type":"constant","value":true},"label":{"type":"interpolation","value":"Default label"},"labelPosition":{"type":"constant","value":"top"},"labelWidth":{"type":"constant","value":4},"placeholder":{"type":"interpolation"},"value":{"type":"variable","value":"$item.code"},"type":{"type":"constant","value":"text"},"min":{"type":"constant"},"max":{"type":"constant"}},"reference":"b9d526c8-a364-4c87-bbee-aa2dea7bbcc9","id":"pbInput"},{"type":"component","dimension":{"xs":5},"propertyValues":{"cssClasses":{"type":"constant","value":""},"hidden":{"type":"constant","value":false},"required":{"type":"constant","value":false},"minLength":{"type":"constant","value":""},"maxLength":{"type":"constant","value":""},"readOnly":{"type":"constant","value":true},"labelHidden":{"type":"constant","value":true},"label":{"type":"interpolation","value":"Default label"},"labelPosition":{"type":"constant","value":"top"},"labelWidth":{"type":"constant","value":4},"placeholder":{"type":"interpolation"},"value":{"type":"variable","value":"$item.label"},"type":{"type":"constant","value":"text"},"min":{"type":"constant"},"max":{"type":"constant"}},"reference":"63953d28-292b-410b-af0a-2430aaace375","id":"pbInput"},{"type":"component","dimension":{"xs":2},"propertyValues":{"cssClasses":{"type":"constant","value":""},"hidden":{"type":"constant","value":false},"disabled":{"type":"constant","value":false},"label":{"type":"interpolation","value":"delete"},"alignment":{"type":"constant","value":"left"},"buttonStyle":{"type":"constant","value":"danger"},"action":{"type":"constant","value":"Remove from collection"},"url":{"type":"interpolation"},"dataToSend":{"type":"constant"},"dataFromSuccess":{"type":"variable"},"dataFromError":{"type":"variable"},"targetUrlOnSuccess":{"type":"interpolation"},"collectionToModify":{"type":"variable","value":"myCollection"},"collectionPosition":{"type":"constant","value":"Item"},"valueToAdd":{"type":"constant"},"removeItem":{"type":"variable","value":"$item"},"displayIcon":{"type":"constant","value":true},"buttonIcon":{"type":"interpolation","value":"trash"},"displayConfirm":{"type":"constant","value":true},"confirmMessage":{"type":"interpolation","value":"Are you sure to delete item \"{{ $item.code + \" - \" + $item.label}} \"?"},"fullWidth":{"type":"constant","value":true},"minWidth":{"type":"interpolation","value":"80px"},"customStyle":{"type":"interpolation","value":"{ \"min-width\":\"85px\", \"max-width\":\"100px\" }"}},"reference":"b247c011-8918-4450-9d0e-3067d9130a06","id":"customWidgetButton"}]]}]]}]]}]],"assets":[{"id":"af2342ae-72a0-4d3d-ab3f-a69e2bdb80c7","name":"custom.css","type":"css","order":4,"active":true,"external":false}],"inactiveAssets":[],"data":{"myCollection":{"type":"json","value":"[\n    {\n        \"code\" : 1,\n        \"label\" : \"FirstElement\"\n    },\n    {\n        \"code\" :2,\n        \"label\" : \"SecondElement\"\n    },\n    {\n        \"code\" :3,\n        \"label\" : \"ThirdElement\"\n    }\n]","exposed":false},"newCode":{"type":"constant","exposed":false},"newLabel":{"type":"constant","exposed":false}}}