{"designerVersion":"1.3.18","favorite":false,"id":"7902ec96-e462-46a4-a21f-ba287d3b2f66","name":"testWidgetLink","type":"page","lastUpdate":1476097405283,"rows":[[{"type":"component","dimension":{"xs":12},"propertyValues":{"cssClasses":{"type":"constant","value":""},"hidden":{"type":"constant","value":false},"text":{"type":"interpolation","value":"Test custom widget Link"},"level":{"type":"constant","value":"Level 3"},"alignment":{"type":"constant","value":"center"}},"reference":"5564a704-f835-43b5-99e9-e5bc6196a79d","id":"pbTitle"}],[{"type":"component","dimension":{"xs":12},"propertyValues":{"cssClasses":{"type":"constant","value":""},"hidden":{"type":"constant","value":false},"text":{"type":"interpolation","value":"Github"},"targetUrl":{"type":"constant","value":"https://github.com/erwanbodere/bonitasoft/tree/master/widgets/customLink"},"target":{"type":"constant","value":"_blank"},"alignment":{"type":"constant","value":"center"},"buttonStyle":{"type":"constant","value":"info"},"displayIcon":{"type":"constant","value":true},"iconClass":{"type":"interpolation","value":"new-window"},"customStyle":{"type":"interpolation","value":"{ \"min-width\":\"150px\" }"}},"reference":"d6345f49-fb1c-4105-abdc-e5fa6cbac79b","id":"customWidgetLink"}],[{"type":"component","dimension":{"xs":12},"propertyValues":{"cssClasses":{"type":"constant","value":""},"hidden":{"type":"constant","value":false},"text":{"type":"interpolation","value":"Documentation"},"targetUrl":{"type":"constant","value":"https://github.com/erwanbodere/bonitasoft/tree/master/widgets/customLink"},"target":{"type":"constant","value":"_blank"},"alignment":{"type":"constant","value":"center"},"buttonStyle":{"type":"constant","value":"primary"},"displayIcon":{"type":"constant","value":true},"iconClass":{"type":"interpolation","value":"print"},"customStyle":{"type":"interpolation","value":"{ \"min-width\":\"150px\" }"}},"reference":"008825e5-9f7a-4253-8f87-32a4c3b89a3c","id":"customWidgetLink"}],[{"type":"component","dimension":{"xs":12},"propertyValues":{"cssClasses":{"type":"constant","value":""},"hidden":{"type":"constant","value":false},"text":{"type":"interpolation","value":"List features"},"targetUrl":{"type":"constant","value":"https://github.com/erwanbodere/bonitasoft/tree/master/widgets/customLink"},"target":{"type":"constant","value":"_blank"},"alignment":{"type":"constant","value":"center"},"buttonStyle":{"type":"constant","value":"default"},"displayIcon":{"type":"constant","value":true},"iconClass":{"type":"interpolation","value":"list"},"customStyle":{"type":"interpolation","value":"{ \"min-width\":\"150px\" }"}},"reference":"d7cd3ad6-751b-44d3-8471-c9cdf2caf55d","id":"customWidgetLink"}]],"assets":[],"inactiveAssets":[],"data":{}}