{"designerVersion":"1.2.13","favorite":false,"id":"a6387d21-1177-49b6-a5e3-689d3afde626","name":"testWidgetTextArea","type":"page","lastUpdate":1475841096845,"rows":[[{"type":"formContainer","dimension":{"xs":12},"propertyValues":{"cssClasses":{"type":"constant","value":""},"hidden":{"type":"constant","value":false}},"reference":"aa4d0651-0bbe-4d86-a0ea-f7b5011aa456","container":{"type":"container","dimension":{"xs":12},"propertyValues":{},"reference":"744e0492-931a-4af4-9c9e-ba93b165b781","rows":[[{"type":"container","dimension":{"xs":2},"propertyValues":{"cssClasses":{"type":"constant","value":""},"hidden":{"type":"constant","value":false},"repeatedCollection":{"type":"variable"}},"reference":"6e1ebc78-f8ba-483c-99f2-670cc76430d6","rows":[[]]},{"type":"container","dimension":{"xs":8},"propertyValues":{"cssClasses":{"type":"constant","value":""},"hidden":{"type":"constant","value":false},"repeatedCollection":{"type":"variable"}},"reference":"7da8d0d2-fa73-4545-8a60-6069dc891fc3","rows":[[{"type":"component","dimension":{"xs":12},"propertyValues":{"cssClasses":{"type":"constant","value":""},"hidden":{"type":"constant","value":false},"text":{"type":"interpolation","value":"Test custom textarea widget"},"level":{"type":"constant","value":"Level 3"},"alignment":{"type":"constant","value":"center"}},"reference":"f3f22178-d011-4ff2-be21-6b9e6f7bb1ce","id":"pbTitle"}],[{"type":"component","dimension":{"xs":12},"propertyValues":{"cssClasses":{"type":"constant","value":""},"hidden":{"type":"constant","value":false},"readOnly":{"type":"constant","value":false},"required":{"type":"constant","value":true},"minLength":{"type":"constant","value":""},"maxLength":{"type":"constant","value":""},"labelHidden":{"type":"constant","value":false},"label":{"type":"interpolation","value":"Comment #1"},"labelPosition":{"type":"constant","value":"top"},"labelWidth":{"type":"constant","value":4},"value":{"type":"variable","value":"myData1"},"placeholder":{"type":"interpolation","value":"Add your first comment here !"},"customStyle":{"type":"interpolation","value":"{ \"background-color\" : \"#444\", \"color\" : \"#FFF\" }"},"displayTooltip":{"type":"constant","value":true},"tooltipMessage":{"type":"interpolation","value":"Et est admodum mirum videre plebem innumeram mentibus ardore quodam infuso cum dimicationum curulium eventu pendentem. haec similiaque memorabile nihil vel serium agi Romae permittunt. ergo redeundum ad textum."},"tooltipPosition":{"type":"constant","value":"top-right"},"tooltipDirection":{"type":"constant","value":"left"},"tooltipCustomStyle":{"type":"interpolation","value":"{ \"max-width\": \"600px\" }"},"tooltipIcon":{"type":"interpolation","value":"info-sign"},"tooltipClass":{"type":"interpolation","value":"customClass"}},"reference":"c34407c1-3f28-43fb-b87d-00d28e37be0a","id":"customWidgetTextArea"}],[{"type":"component","dimension":{"xs":12},"propertyValues":{"cssClasses":{"type":"constant","value":""},"hidden":{"type":"constant","value":false},"readOnly":{"type":"constant","value":false},"required":{"type":"constant","value":true},"minLength":{"type":"constant","value":""},"maxLength":{"type":"constant","value":""},"labelHidden":{"type":"constant","value":false},"label":{"type":"interpolation","value":"Comment #2"},"labelPosition":{"type":"constant","value":"top"},"labelWidth":{"type":"constant","value":4},"value":{"type":"variable","value":"myData2"},"placeholder":{"type":"interpolation","value":"Add your second comment here !"},"customStyle":{"type":"interpolation","value":"{ \"height\":\"200px\" }"},"displayTooltip":{"type":"constant","value":true},"tooltipMessage":{"type":"interpolation","value":"My tooltip message"},"tooltipPosition":{"type":"constant","value":"top-right"},"tooltipDirection":{"type":"constant","value":"top"},"tooltipCustomStyle":{"type":"interpolation","value":"{ }"},"tooltipIcon":{"type":"interpolation","value":"question-sign"},"tooltipClass":{"type":"interpolation"}},"reference":"1507b9e6-6e7c-411a-9b9d-b7ad0f8233f4","id":"customWidgetTextArea"}],[{"type":"component","dimension":{"xs":12},"propertyValues":{"cssClasses":{"type":"constant","value":""},"hidden":{"type":"constant","value":false},"disabled":{"type":"expression","value":"$form.$invalid"},"label":{"type":"interpolation","value":"Submit"},"alignment":{"type":"constant","value":"center"},"buttonStyle":{"type":"constant","value":"primary"},"action":{"type":"constant","value":"Submit task"},"url":{"type":"interpolation"},"dataToSend":{"type":"constant"},"dataFromSuccess":{"type":"variable"},"dataFromError":{"type":"variable"},"targetUrlOnSuccess":{"type":"interpolation"},"collectionToModify":{"type":"variable"},"collectionPosition":{"type":"constant","value":"Last"},"valueToAdd":{"type":"constant"},"removeItem":{"type":"variable"}},"reference":"9093d3e3-6356-489d-8bdd-cfa3b4f194fd","id":"pbButton"}]]}]]}}]],"assets":[{"id":"9b3ae5f5-4064-4127-b21f-e8651fb6d444","name":"widgetTextArea.css","type":"css","order":1,"active":true,"external":false}],"inactiveAssets":[],"data":{"myData1":{"type":"constant","value":"","exposed":false},"myData2":{"type":"constant","exposed":false},"localization":{"type":"json","value":"{\n  \"fr-FR\": {\n    \"Title\": \"Titre\",\n    \"Default label\": \"Libellé par défaut\",\n    \"Default name\": \"Nom par défaut\",\n    \"Select\": \"Sélection\",\n    \"Select an option\": \"Sélectionner une option\",\n    \"green\" : \"vert\",\n    \"red\": \"rouge\",\n    \"blue\": \"bleu\",\n    \"yes\": \"oui\",\n    \"no\": \"non\",\n    \"Date\": \"Date\",\n    \"MM/dd/yyyy\": \"dd/MM/yyyy\",\n    \"Id\": \"Id\",\n    \"Name\": \"Nom\",\n    \"Description\": \"Description\",\n    \"Link\": \"Lien\",\n    \"Submit\": \"Soumettre\",\n    \"This field is required\": \"Ce champ est requis\",\n    \"This field length should be larger\": \"La valeur de ce champ est trop courte\",\n    \"This field length should be smaller\": \"La valeur de ce champ est trop longue\",\n    \"This value is too small\": \"La valeur de ce champ est trop petite\",\n    \"This value is too large\": \"La valeur de ce champ est trop grande\",\n    \"This is not a valid email\": \"L'email saisi n'est pas valide\"\n  },\n  \"es-ES\": {\n    \"Title\": \"Título\",\n    \"Default label\": \"Etiqueta por defecto\",\n    \"Default name\": \"Nombre por defecto\",\n    \"Select\": \"Seleccionar\",\n    \"Select an option\": \"Selecciona una opción\",\n    \"green\" : \"verde\",\n    \"red\": \"rojo\",\n    \"blue\": \"azul\",\n    \"yes\": \"sí\",\n    \"no\": \"no\",\n    \"Date\": \"Fecha\",\n    \"MM/dd/yyyy\": \"dd/MM/yyyy\",\n    \"Id\": \"Id\",\n    \"Name\": \"Nombre\",\n    \"Description\": \"Descripción\",\n    \"Link\": \"Enlace\",\n    \"Submit\": \"Enviar\",\n    \"This field is required\": \"Este campo es requerido\",\n    \"This field length should be larger\": \"La longitud de este campo debería ser mayor\",\n    \"This field length should be smaller\": \"La longitud de este campo debería ser menor\",\n    \"This value is too small\": \"El valor de este campo es demasiado pequeño\",\n    \"This value is too large\": \"El valor de este campo es demasiado grande\",\n    \"This is not a valid email\": \"El email introducido no es válido\"\n  }\n}\n","exposed":false}}}