{"designerVersion":"1.2.13","favorite":false,"id":"customWidgetButton","name":"widgetButton","lastUpdate":1475657058351,"template":"<div class=\"text-{{ properties.alignment }}\">\n    <button ng-class=\"'btn btn-' + properties.buttonStyle\" \n            ng-click=\"ctrl.action()\"        \n            type=\"button\"\n            ng-disabled=\"properties.disabled || ctrl.busy\"\n            ng-style=\"{{ properties.customStyle }}\">\n        \n        <i class=\"glyphicon glyphicon-{{ properties.buttonIcon }}\" ng-if=\"properties.displayIcon\"></i> {{ properties.label | uiTranslate }}\n        <span ng-class=\"properties.iconClass\"></span>\n    </button>\n</div>","controller":"function($scope, $http, $location, $log, $window) {\n\n  'use strict';\n\n  var vm = this;\n\n  this.action = function action() {\n    var id;\n    \n    if(confirm()) {\n\n        if ($scope.properties.action === 'Remove from collection') {\n          removeFromCollection();\n        } else if ($scope.properties.action === 'Add to collection') {\n          addToCollection();\n        } else if ($scope.properties.action === 'Start process') {\n          id = getUrlParam('id');\n          if (id) {\n            doRequest('POST', '../API/bpm/process/' + id + '/instantiation', getUserParam());\n          } else {\n            $log.log('Impossible to retrieve the process definition id value from the URL');\n          }\n        } else if ($scope.properties.action === 'Submit task') {\n          id = getUrlParam('id');\n          if (id) {\n            doRequest('POST', '../API/bpm/userTask/' + getUrlParam('id') + '/execution', getUserParam());\n          } else {\n            $log.log('Impossible to retrieve the task id value from the URL');\n          }\n        } else if ($scope.properties.url) {\n          doRequest($scope.properties.action, $scope.properties.url);\n        }\n    }\n  };\n\n  function removeFromCollection() {\n    if ($scope.properties.collectionToModify) {\n      if (!Array.isArray($scope.properties.collectionToModify)) {\n        throw 'Collection property for widget button should be an array, but was ' + $scope.properties.collectionToModify;\n      }\n      var index = -1;\n      if ($scope.properties.collectionPosition === 'First') {\n        index = 0;\n      } else if ($scope.properties.collectionPosition === 'Last') {\n        index = $scope.properties.collectionToModify.length - 1;\n      } else if ($scope.properties.collectionPosition === 'Item') {\n        index = $scope.properties.collectionToModify.indexOf($scope.properties.removeItem);\n      }\n\n      // Only remove element for valid index\n      if (index !== -1) {\n        $scope.properties.collectionToModify.splice(index, 1);  \n      }\n    }\n  }\n\n  function addToCollection() {\n    if (!$scope.properties.collectionToModify) {\n      $scope.properties.collectionToModify = [];\n    }\n    if (!Array.isArray($scope.properties.collectionToModify)) {\n      throw 'Collection property for widget button should be an array, but was ' + $scope.properties.collectionToModify;\n    }\n    var item = angular.copy($scope.properties.valueToAdd);\n\n    if ($scope.properties.collectionPosition === 'First') {\n      $scope.properties.collectionToModify.unshift(item);\n    } else {\n      $scope.properties.collectionToModify.push(item);\n    }\n  }\n\n  /**\n   * Execute a get/post request to an URL\n   * It also bind custom data from success|error to a data\n   * @return {void}\n   */\n  function doRequest(method, url, params) {\n    vm.busy = true;\n    var req = {\n      method: method,\n      url: url,\n      data: angular.copy($scope.properties.dataToSend),\n      params: params\n    };\n\n    return $http(req)\n      .success(function(data, status) {\n        $scope.properties.dataFromSuccess = data;\n        notifyParentFrame({ message: 'success', status: status, dataFromSuccess: data });\n        if ($scope.properties.targetUrlOnSuccess && method !== 'GET') {\n          $window.location.assign($scope.properties.targetUrlOnSuccess);\n        }\n      })\n      .error(function(data, status) {\n        $scope.properties.dataFromError = data;\n        notifyParentFrame({ message: 'error', status: status, dataFromError: data  });\n      })\n      .finally(function() {\n        vm.busy = false;\n      });\n  }\n\n  function notifyParentFrame(additionalProperties) {\n    if ($window.parent !== $window.self) {\n      var dataToSend = angular.extend({}, $scope.properties, additionalProperties);\n      $window.parent.postMessage(JSON.stringify(dataToSend), '*');\n    }\n  }\n\n  function getUserParam() {\n    var userId = getUrlParam('user');\n    if (userId) {\n      return { 'user': userId };\n    }\n    return {};\n  }\n\n  /**\n   * Extract the param value from a URL query\n   * e.g. if param = \"id\", it extracts the id value in the following cases:\n   *  1. http://localhost/bonita/portal/resource/process/ProcName/1.0/content/?id=8880000\n   *  2. http://localhost/bonita/portal/resource/process/ProcName/1.0/content/?param=value&id=8880000&locale=en\n   *  3. http://localhost/bonita/portal/resource/process/ProcName/1.0/content/?param=value&id=8880000&locale=en#hash=value\n   * @returns {id}\n   */\n  function getUrlParam(param) {\n    var paramValue = $location.absUrl().match('[//?&]' + param + '=([^&#]*)($|[&#])');\n    if (paramValue) {\n      return paramValue[1];\n    }\n    return '';\n  }\n  \n  function confirm() {\n    var hasConfirm = true;\n        \n    if($scope.properties.displayConfirm) {\n        hasConfirm = $window.confirm($scope.properties.confirmMessage);\n    }\n\n    return hasConfirm;\n  }\n}\n","description":"Surcharge du composant natif pbButton","custom":true,"properties":[{"label":"Disabled","name":"disabled","type":"boolean","defaultValue":false,"bond":"expression"},{"label":"Label","name":"label","type":"text","defaultValue":"Submit","bond":"interpolation"},{"label":"Alignment","name":"alignment","type":"choice","defaultValue":"left","choiceValues":["left","center","right"],"bond":"constant"},{"label":"Style","name":"buttonStyle","type":"choice","defaultValue":"default","choiceValues":["default","primary","success","info","warning","danger","link"],"bond":"constant"},{"label":"Action","name":"action","type":"choice","defaultValue":"Submit task","choiceValues":[{"value":"Submit task","label":"Submit task","group":"Bonita BPM"},{"value":"Start process","label":"Start process","group":"Bonita BPM"},{"value":"POST","label":"POST","group":"HTTP request"},{"value":"PUT","label":"PUT","group":"HTTP request"},{"value":"GET","label":"GET","group":"HTTP request"},{"value":"DELETE","label":"DELETE","group":"HTTP request"},{"value":"Add to collection","label":"Add to collection","group":"Collection"},{"value":"Remove from collection","label":"Remove from collection","group":"Collection"}],"bond":"constant"},{"label":"URL to call","name":"url","caption":"Send data to this URL when the button is clicked","help":"URL used to perform the HTTP request when this button is clicked.","showFor":"['POST', 'PUT', 'GET', 'DELETE'].indexOf(properties.action.value) > -1","type":"text","bond":"interpolation"},{"label":"Data sent on click","name":"dataToSend","help":"Can be used to fulfill a contract","showFor":"properties.action.value === 'POST' || properties.action.value === 'PUT' || properties.action.value === 'Submit task' || properties.action.value ===  'Start process'","type":"text","bond":"expression"},{"label":"Successful response value","name":"dataFromSuccess","help":"Holds the response when the request is successful","showFor":"['POST', 'PUT', 'GET', 'DELETE', 'Submit task', 'Start process'].indexOf(properties.action.value) > -1","type":"text","bond":"variable"},{"label":"Failed response value","name":"dataFromError","help":"Holds the response when the request has failed","showFor":"['POST', 'PUT', 'GET', 'DELETE', 'Submit task', 'Start process'].indexOf(properties.action.value) > -1","type":"text","bond":"variable"},{"label":"Target URL on success","name":"targetUrlOnSuccess","help":"Next page to display, for applications. In the Portal, it is ignored as navigation is managed automatically","showFor":"['POST', 'PUT', 'DELETE', 'Submit task', 'Start process'].indexOf(properties.action.value) > -1","type":"text","bond":"interpolation"},{"label":"Collection","name":"collectionToModify","caption":"Variable of type array","help":"Use $collection to act on the collection of a repeated content","showFor":"properties.action.value === 'Remove from collection' || properties.action.value === 'Add to collection'","type":"collection","bond":"variable"},{"label":"Add","name":"collectionPosition","showFor":"properties.action.value === 'Add to collection'","type":"choice","defaultValue":"Last","choiceValues":["First","Last"],"bond":"constant"},{"label":"Value to add","name":"valueToAdd","showFor":"properties.action.value === 'Add to collection'","type":"text","bond":"expression"},{"label":"Remove","name":"collectionPosition","showFor":"properties.action.value === 'Remove from collection'","type":"choice","defaultValue":"Last","choiceValues":["First","Item","Last"],"bond":"constant"},{"label":"Item to remove","name":"removeItem","help":"Use $item to remove the current item in a repeated collection","showFor":"properties.action.value === 'Remove from collection' && properties.collectionPosition.value === 'Item'","type":"text","bond":"variable"},{"label":"Display Icon","name":"displayIcon","type":"boolean","defaultValue":false,"bond":"constant"},{"label":"Icon class","name":"buttonIcon","showFor":"properties.displayIcon.value","type":"text","defaultValue":"ok","bond":"interpolation"},{"label":"Display confirmation message","name":"displayConfirm","type":"boolean","defaultValue":false,"bond":"constant"},{"label":"Confirmation message","name":"confirmMessage","showFor":"properties.displayConfirm.value","type":"text","defaultValue":"Are you sure ?","bond":"interpolation"},{"label":"Custom Style","name":"customStyle","type":"text","defaultValue":"{ }","bond":"interpolation"}],"assets":[]}